{
    "IcoMoonType": "selection",
    "icons": [
        {
            "icon": {
                "paths": [
                    "M0 338.645h105.819v-102.87c0-45.385 1.144-115.329 34.129-158.668 34.671-45.867 82.344-77.107 164.266-77.107 133.568 0 189.728 19.021 189.728 19.021l-26.425 156.862c0 0-44.061-12.761-85.293-12.761-41.172 0-78.010 14.747-78.010 55.919v119.603h168.841l-11.798 153.191h-157.043v532.165h-198.395v-532.165h-105.819v-153.191z"
                ],
                "attrs": [
                    {
                        "fill": "rgb(255, 255, 255)"
                    }
                ],
                "width": 494,
                "isMulticolor": false,
                "isMulticolor2": false,
                "grid": 0,
                "tags": [
                    "fb"
                ]
            },
            "attrs": [
                {
                    "fill": "rgb(255, 255, 255)"
                }
            ],
            "properties": {
                "order": 5,
                "id": 8,
                "name": "fb",
                "prevSize": 32,
                "code": 59648
            },
            "setIdx": 0,
            "setId": 1,
            "iconIdx": 0
        },
        {
            "icon": {
                "paths": [
                    "M245.445 1024h-217.387v-695.625h217.387v695.625zM131.245 241.315h-1.573c-78.668 0-129.672-53.167-129.672-120.494 0-68.769 52.577-120.822 132.753-120.822s129.475 51.921 131.048 120.625c0 67.327-50.872 120.69-132.556 120.69zM1114.993 1024h-246.429v-359.973c0-94.271-38.548-158.517-123.313-158.517-64.836 0-100.892 43.333-117.675 85.224-6.293 14.947-5.31 35.925-5.31 56.838v376.428h-244.134c0 0 3.147-637.673 0-695.625h244.2v109.152c14.423-47.791 92.37-115.905 216.994-115.905 154.387 0 275.733 100.040 275.733 315.526v386.852z"
                ],
                "attrs": [
                    {
                        "fill": "rgb(255, 255, 255)"
                    }
                ],
                "width": 1115,
                "isMulticolor": false,
                "isMulticolor2": false,
                "grid": 0,
                "tags": [
                    "li"
                ]
            },
            "attrs": [
                {
                    "fill": "rgb(255, 255, 255)"
                }
            ],
            "properties": {
                "order": 6,
                "id": 7,
                "name": "li",
                "prevSize": 32,
                "code": 59649
            },
            "setIdx": 0,
            "setId": 1,
            "iconIdx": 1
        },
        {
            "icon": {
                "paths": [
                    "M1259.722 121.262c-46.287 20.555-96.196 34.456-148.398 40.741 53.385-32.016 94.274-82.665 113.572-143.001-49.984 29.65-105.143 51.093-164.222 62.627-46.952-50.206-114.164-81.63-188.548-81.63-142.631 0-258.348 115.791-258.348 258.495 0 20.334 2.218 39.928 6.655 58.857-214.797-10.795-405.193-113.572-532.74-270.104-22.256 38.375-34.974 82.739-34.974 130.135 0 89.542 45.621 168.732 114.977 215.093-42.368-1.331-82.222-13.014-117.122-32.312v3.179c0 125.329 89.098 229.807 207.403 253.468-21.738 6.063-44.512 9.095-68.173 9.095-16.637 0-32.83-1.553-48.579-4.584 32.83 102.629 128.287 177.383 241.415 179.453-88.433 69.356-199.935 110.541-320.975 110.541-20.851 0-41.481-1.109-61.666-3.475 114.386 73.275 250.214 116.086 396.172 116.086 475.437 0 735.337-393.806 735.337-735.485 0-11.239-0.222-22.404-0.739-33.421 50.575-36.453 94.422-81.926 128.952-133.758z"
                ],
                "attrs": [
                    {
                        "fill": "rgb(255, 255, 255)"
                    }
                ],
                "width": 1260,
                "isMulticolor": false,
                "isMulticolor2": false,
                "grid": 0,
                "tags": [
                    "tw"
                ]
            },
            "attrs": [
                {
                    "fill": "rgb(255, 255, 255)"
                }
            ],
            "properties": {
                "order": 7,
                "id": 6,
                "name": "tw",
                "prevSize": 32,
                "code": 59650
            },
            "setIdx": 0,
            "setId": 1,
            "iconIdx": 2
        },
        {
            "icon": {
                "paths": [
                    "M250.539 0l-79.872 81.92 472.747 472.747-472.747 470.699 79.872 81.92 556.715-552.619z"
                ],
                "attrs": [
                    {}
                ],
                "isMulticolor": false,
                "isMulticolor2": false,
                "grid": 0,
                "tags": [
                    "arr-nav-thin"
                ]
            },
            "attrs": [
                {}
            ],
            "properties": {
                "order": 8,
                "id": 5,
                "name": "arr-nav-thin",
                "prevSize": 32,
                "code": 59651
            },
            "setIdx": 0,
            "setId": 1,
            "iconIdx": 3
        },
        {
            "icon": {
                "paths": [
                    "M300.617 0l-154.331 154.478 380.782 380.635-380.782 379.026 154.331 156.087 536.869-535.113z"
                ],
                "attrs": [
                    {}
                ],
                "isMulticolor": false,
                "isMulticolor2": false,
                "grid": 0,
                "tags": [
                    "arrow-black"
                ]
            },
            "attrs": [
                {}
            ],
            "properties": {
                "order": 9,
                "id": 4,
                "name": "arrow-black",
                "prevSize": 32,
                "code": 59652
            },
            "setIdx": 0,
            "setId": 1,
            "iconIdx": 4
        },
        {
            "icon": {
                "paths": [
                    "M1013.961 471.843v-220.863c0-33.21-27.026-60.235-60.235-60.235h-281.098c-11.063 0-20.078-9.015-20.078-20.078v-40.157c0-33.21-27.026-60.235-60.235-60.235h-160.627c-33.21 0-60.235 27.026-60.235 60.235v40.157c0 11.063-9.015 20.078-20.078 20.078h-281.098c-33.21 0-60.235 27.026-60.235 60.235v642.51c0 33.21 27.026 60.235 60.235 60.235h883.451c33.21 0 60.235-27.026 60.235-60.235v-421.647zM411.608 170.667v-40.157c0-11.063 9.015-20.078 20.078-20.078h160.627c11.063 0 20.078 9.015 20.078 20.078v40.157c0 7.068 1.446 13.774 3.694 20.078h-208.173c2.249-6.305 3.694-13.011 3.694-20.078zM70.275 230.902h883.451c11.063 0 20.078 9.015 20.078 20.078v212.55l-68.548 68.548h-292.864v-20.078c0-11.083-8.975-20.078-20.078-20.078h-160.627c-11.103 0-20.078 8.995-20.078 20.078v20.078h-292.864l-68.548-68.548v-212.55c0-11.063 9.015-20.078 20.078-20.078zM572.235 592.314h-120.471v-60.235h120.471v60.235zM953.725 913.569h-883.451c-11.063 0-20.078-9.015-20.078-20.078v-373.178l46.040 46.040c3.755 3.755 8.855 5.883 14.195 5.883h301.176v40.157c0 11.083 8.975 20.078 20.078 20.078h160.627c11.103 0 20.078-8.995 20.078-20.078v-40.157h301.176c5.341 0 10.421-2.128 14.195-5.883l46.040-46.040v373.178c0 11.063-9.015 20.078-20.078 20.078z",
                    "M1013.961 471.843v-220.863c0-33.21-27.026-60.235-60.235-60.235h-281.098c-11.063 0-20.078-9.015-20.078-20.078v-40.157c0-33.21-27.026-60.235-60.235-60.235h-160.627c-33.21 0-60.235 27.026-60.235 60.235v40.157c0 11.063-9.015 20.078-20.078 20.078h-281.098c-33.21 0-60.235 27.026-60.235 60.235v642.51c0 33.21 27.026 60.235 60.235 60.235h883.451c33.21 0 60.235-27.026 60.235-60.235v-421.647zM411.608 170.667v-40.157c0-11.063 9.015-20.078 20.078-20.078h160.627c11.063 0 20.078 9.015 20.078 20.078v40.157c0 7.068 1.446 13.774 3.694 20.078h-208.173c2.249-6.305 3.694-13.011 3.694-20.078zM70.275 230.902h883.451c11.063 0 20.078 9.015 20.078 20.078v212.55l-68.548 68.548h-292.864v-20.078c0-11.083-8.975-20.078-20.078-20.078h-160.627c-11.103 0-20.078 8.995-20.078 20.078v20.078h-292.864l-68.548-68.548v-212.55c0-11.063 9.015-20.078 20.078-20.078zM572.235 592.314h-120.471v-60.235h120.471v60.235zM953.725 913.569h-883.451c-11.063 0-20.078-9.015-20.078-20.078v-373.178l46.040 46.040c3.755 3.755 8.855 5.883 14.195 5.883h301.176v40.157c0 11.083 8.975 20.078 20.078 20.078h160.627c11.103 0 20.078-8.995 20.078-20.078v-40.157h301.176c5.341 0 10.421-2.128 14.195-5.883l46.040-46.040v373.178c0 11.063-9.015 20.078-20.078 20.078z"
                ],
                "attrs": [
                    {},
                    {
                        "fill": "none",
                        "strokeLinejoin": "miter",
                        "strokeLinecap": "butt",
                        "strokeMiterlimit": "10",
                        "strokeWidth": 20.07843137254902
                    }
                ],
                "isMulticolor": false,
                "isMulticolor2": false,
                "grid": 0,
                "tags": [
                    "icon1"
                ]
            },
            "attrs": [
                {},
                {
                    "fill": "none",
                    "strokeLinejoin": "miter",
                    "strokeLinecap": "butt",
                    "strokeMiterlimit": "10",
                    "strokeWidth": 20.07843137254902
                }
            ],
            "properties": {
                "order": 10,
                "id": 3,
                "name": "icon1",
                "prevSize": 32,
                "code": 59653
            },
            "setIdx": 0,
            "setId": 1,
            "iconIdx": 5
        },
        {
            "icon": {
                "paths": [
                    "M490.988 583.148c-1.595 0-3.19-0.295-4.706-0.906l-461.292-187.668c-4.706-1.91-7.778-6.518-7.759-11.599 0.020-5.1 3.131-9.649 7.877-11.54l494.494-195.781c2.954-1.162 6.262-1.162 9.236 0.020l465.152 185.226c4.726 1.89 7.838 6.479 7.838 11.579s-3.111 9.689-7.838 11.579l-498.412 198.242c-1.457 0.591-3.033 0.847-4.588 0.847zM63.153 383.173l427.874 174.080 464.66-184.812-431.478-171.796-461.056 182.528z",
                    "M490.988 583.148c-1.595 0-3.19-0.295-4.706-0.906l-461.292-187.668c-4.706-1.91-7.778-6.518-7.759-11.599 0.020-5.1 3.131-9.649 7.877-11.54l494.494-195.781c2.954-1.162 6.262-1.162 9.236 0.020l465.152 185.226c4.726 1.89 7.838 6.479 7.838 11.579s-3.111 9.689-7.838 11.579l-498.412 198.242c-1.457 0.591-3.033 0.847-4.588 0.847zM63.153 383.173l427.874 174.080 464.66-184.812-431.478-171.796-461.056 182.528z",
                    "M501.071 754.649c-1.438 0-2.895-0.256-4.313-0.768-14.71-5.415-212.519-99.722-303.892-143.616-6.203-2.954-8.822-10.398-5.849-16.62 2.993-6.183 10.437-8.822 16.64-5.849 112.916 54.233 292.096 139.146 301.706 142.69 6.459 2.383 9.767 9.551 7.385 15.99-1.851 5.081-6.617 8.172-11.678 8.172z",
                    "M501.071 754.649c-1.438 0-2.895-0.256-4.313-0.768-14.71-5.415-212.519-99.722-303.892-143.616-6.203-2.954-8.822-10.398-5.849-16.62 2.993-6.183 10.437-8.822 16.64-5.849 112.916 54.233 292.096 139.146 301.706 142.69 6.459 2.383 9.767 9.551 7.385 15.99-1.851 5.081-6.617 8.172-11.678 8.172z",
                    "M244.677 633.226c-1.831 0-3.682-0.394-5.435-1.241-27.353-13.273-45.824-21.484-46.021-21.583-4.49-2.009-7.404-6.439-7.404-11.382v-132.785c0-6.892 5.573-12.465 12.465-12.465 6.873 0 12.465 5.573 12.465 12.465v124.751c7.975 3.643 21.898 10.102 39.385 18.55 6.183 3.013 8.783 10.476 5.77 16.679-2.166 4.431-6.597 7.010-11.225 7.010z",
                    "M244.677 633.226c-1.831 0-3.682-0.394-5.435-1.241-27.353-13.273-45.824-21.484-46.021-21.583-4.49-2.009-7.404-6.439-7.404-11.382v-132.785c0-6.892 5.573-12.465 12.465-12.465 6.873 0 12.465 5.573 12.465 12.465v124.751c7.975 3.643 21.898 10.102 39.385 18.55 6.183 3.013 8.783 10.476 5.77 16.679-2.166 4.431-6.597 7.010-11.225 7.010z",
                    "M501.071 754.649c-2.363 0-4.726-0.67-6.774-1.989-3.545-2.304-5.691-6.262-5.691-10.496l0.276-170.791c0-6.892 5.593-12.446 12.465-12.446h0.020c6.892 0 12.465 5.573 12.465 12.485l-0.276 151.414 294.735-133.396-0.039-139.776 24.95-0.020 0.039 147.83c0 4.903-2.875 9.334-7.326 11.343l-319.685 144.738c-1.654 0.748-3.407 1.103-5.159 1.103z",
                    "M501.071 754.649c-2.363 0-4.726-0.67-6.774-1.989-3.545-2.304-5.691-6.262-5.691-10.496l0.276-170.791c0-6.892 5.593-12.446 12.465-12.446h0.020c6.892 0 12.465 5.573 12.465 12.485l-0.276 151.414 294.735-133.396-0.039-139.776 24.95-0.020 0.039 147.83c0 4.903-2.875 9.334-7.326 11.343l-319.685 144.738c-1.654 0.748-3.407 1.103-5.159 1.103z",
                    "M284.416 851.574v0c-6.912-0.020-12.485-5.612-12.465-12.485l0.236-355.604c0-4.844 2.816-9.236 7.207-11.264l236.111-109.883c6.223-2.914 13.627-0.197 16.561 6.026 2.875 6.242 0.197 13.666-6.065 16.561l-228.923 106.535-0.217 347.687c0 6.873-5.573 12.426-12.446 12.426z",
                    "M284.416 851.574v0c-6.912-0.020-12.485-5.612-12.465-12.485l0.236-355.604c0-4.844 2.816-9.236 7.207-11.264l236.111-109.883c6.223-2.914 13.627-0.197 16.561 6.026 2.875 6.242 0.197 13.666-6.065 16.561l-228.923 106.535-0.217 347.687c0 6.873-5.573 12.426-12.446 12.426z"
                ],
                "attrs": [
                    {},
                    {
                        "fill": "none",
                        "strokeLinejoin": "miter",
                        "strokeLinecap": "butt",
                        "strokeMiterlimit": "10",
                        "strokeWidth": 34.46153846153847
                    },
                    {},
                    {
                        "fill": "none",
                        "strokeLinejoin": "miter",
                        "strokeLinecap": "butt",
                        "strokeMiterlimit": "10",
                        "strokeWidth": 34.46153846153847
                    },
                    {},
                    {
                        "fill": "none",
                        "strokeLinejoin": "miter",
                        "strokeLinecap": "butt",
                        "strokeMiterlimit": "10",
                        "strokeWidth": 34.46153846153847
                    },
                    {},
                    {
                        "fill": "none",
                        "strokeLinejoin": "miter",
                        "strokeLinecap": "butt",
                        "strokeMiterlimit": "10",
                        "strokeWidth": 34.46153846153847
                    },
                    {},
                    {
                        "fill": "none",
                        "strokeLinejoin": "miter",
                        "strokeLinecap": "butt",
                        "strokeMiterlimit": "10",
                        "strokeWidth": 34.46153846153847
                    }
                ],
                "isMulticolor": false,
                "isMulticolor2": false,
                "grid": 0,
                "tags": [
                    "icon2"
                ]
            },
            "attrs": [
                {},
                {
                    "fill": "none",
                    "strokeLinejoin": "miter",
                    "strokeLinecap": "butt",
                    "strokeMiterlimit": "10",
                    "strokeWidth": 34.46153846153847
                },
                {},
                {
                    "fill": "none",
                    "strokeLinejoin": "miter",
                    "strokeLinecap": "butt",
                    "strokeMiterlimit": "10",
                    "strokeWidth": 34.46153846153847
                },
                {},
                {
                    "fill": "none",
                    "strokeLinejoin": "miter",
                    "strokeLinecap": "butt",
                    "strokeMiterlimit": "10",
                    "strokeWidth": 34.46153846153847
                },
                {},
                {
                    "fill": "none",
                    "strokeLinejoin": "miter",
                    "strokeLinecap": "butt",
                    "strokeMiterlimit": "10",
                    "strokeWidth": 34.46153846153847
                },
                {},
                {
                    "fill": "none",
                    "strokeLinejoin": "miter",
                    "strokeLinecap": "butt",
                    "strokeMiterlimit": "10",
                    "strokeWidth": 34.46153846153847
                }
            ],
            "properties": {
                "order": 11,
                "id": 2,
                "name": "icon2",
                "prevSize": 32,
                "code": 59654
            },
            "setIdx": 0,
            "setId": 1,
            "iconIdx": 6
        },
        {
            "icon": {
                "paths": [
                    "M867.1 681.415c9.489-10.809 18.682-21.754 27.602-32.927 0.569-0.751 1.183-1.525 1.798-2.276 18.068-22.824 34.748-46.33 49.562-70.383 0.341-0.523 0.705-1.092 1.047-1.616 6.963-11.355 13.403-22.869 19.456-34.452 0.819-1.593 1.661-3.209 2.503-4.824 5.712-11.196 10.923-22.46 15.701-33.815 0.774-1.889 1.502-3.755 2.298-5.643 4.597-11.401 8.784-22.869 12.311-34.384 0.478-1.502 0.842-3.004 1.274-4.506 3.55-12.083 6.667-24.212 8.92-36.386 18.637-100.739-10.741-190.305-87.359-266.263-46.899-46.421-109.659-72.021-176.674-72.021-67.925 0-131.755 26.169-179.701 73.682l-51.496 51.041-51.496-51.041c-47.969-47.514-111.775-73.682-179.723-73.682-67.015 0-129.775 25.6-176.674 72.044-76.641 75.958-106.018 165.524-87.359 266.263 2.253 12.174 5.325 24.303 8.897 36.386 0.432 1.502 0.819 3.004 1.274 4.506 3.527 11.514 7.691 22.983 12.311 34.384 0.751 1.889 1.525 3.755 2.298 5.643 4.756 11.355 9.99 22.619 15.701 33.815 0.819 1.616 1.684 3.231 2.526 4.824 6.053 11.583 12.493 23.097 19.456 34.452 0.341 0.523 0.705 1.092 1.024 1.616 14.814 24.053 31.516 47.559 49.584 70.383 0.614 0.728 1.183 1.502 1.798 2.276 8.897 11.173 18.113 22.141 27.602 32.927 0.614 0.66 1.229 1.388 1.82 2.071 9.739 11.014 19.729 21.823 29.946 32.404l0.023 0.046h0.023c32.176 33.314 66.378 64.353 100.671 92.433v0.023c0.159 0.137 0.319 0.25 0.455 0.364 28.877 23.62 57.776 45.079 85.515 64.011 0.478 0.319 0.956 0.614 1.434 0.956 9.011 6.121 17.886 11.969 26.578 17.545 0.068 0.046 0.114 0.091 0.182 0.114 8.511 5.439 16.862 10.559 25.031 15.451 1.161 0.705 2.321 1.388 3.482 2.094 7.691 4.506 15.223 8.875 22.528 12.857 0.273 0.137 0.569 0.341 0.842 0.478 7.305 4.005 14.336 7.646 21.163 11.082 1.547 0.774 3.026 1.502 4.551 2.276 6.667 3.277 13.198 6.394 19.342 9.079 2.935 1.32 6.053 1.934 9.17 1.934s6.235-0.614 9.17-1.934c6.167-2.685 12.675-5.825 19.365-9.079 1.502-0.751 3.004-1.479 4.528-2.276 6.849-3.436 13.858-7.1 21.185-11.082 0.273-0.159 0.546-0.364 0.842-0.478 7.282-4.005 14.814-8.351 22.505-12.857 1.183-0.705 2.344-1.388 3.482-2.094 8.169-4.87 16.498-9.967 25.008-15.428 0.114-0.068 0.205-0.114 0.296-0.182 8.67-5.53 17.522-11.401 26.51-17.476 0.478-0.364 0.933-0.66 1.411-0.978 27.762-18.933 56.639-40.391 85.515-64.011 0.182-0.114 0.341-0.228 0.478-0.364v-0.023c34.293-28.058 68.494-59.119 100.671-92.433l0.046-0.046c10.217-10.581 20.207-21.367 29.924-32.404 0.614-0.705 1.229-1.411 1.843-2.094zM702.305 776.055c-16.839 13.722-33.724 26.738-50.381 38.912h-0.023c-16.566 12.060-32.905 23.324-48.811 33.655-0.364 0.228-0.705 0.455-1.047 0.66-7.145 4.665-14.245 9.057-21.208 13.335-0.91 0.546-1.82 1.138-2.731 1.684-7.236 4.369-14.336 8.579-21.299 12.493-0.592 0.341-1.206 0.66-1.775 1.001-6.076 3.391-11.969 6.599-17.749 9.626-1.57 0.819-3.118 1.638-4.665 2.435-6.258 3.209-12.425 6.258-18.318 9.011-5.916-2.753-12.038-5.825-18.295-9.011-1.547-0.796-3.095-1.616-4.665-2.435-5.803-3.026-11.696-6.212-17.749-9.626-0.592-0.341-1.183-0.66-1.798-1.001-6.94-3.914-14.040-8.101-21.276-12.493-0.91-0.546-1.82-1.138-2.731-1.684-6.986-4.278-14.063-8.715-21.276-13.38-0.319-0.205-0.637-0.41-0.956-0.592-15.906-10.354-32.245-21.595-48.811-33.678h-0.023c-16.68-12.174-33.542-25.19-50.381-38.912-34.497-28.103-68.745-59.255-100.716-92.479-29.764-30.925-57.481-63.647-81.465-97.417-0.023-0.046-0.046-0.068-0.068-0.114-7.555-10.695-14.677-21.458-21.436-32.313-0.614-1.001-1.229-1.957-1.843-2.958-6.372-10.354-12.288-20.799-17.818-31.266-0.774-1.434-1.525-2.867-2.253-4.301-5.325-10.308-10.194-20.662-14.586-31.039-0.637-1.479-1.206-2.958-1.82-4.437-4.301-10.49-8.169-21.003-11.446-31.516-0.341-1.092-0.614-2.207-0.933-3.3-3.3-10.991-6.098-22.005-8.124-32.973-15.747-85.038 9.375-160.95 74.661-225.621 38.32-37.979 89.68-58.891 144.634-58.891 55.842 0 108.294 21.481 147.684 60.53l67.493 66.901c8.897 8.738 23.165 8.738 32.063 0l67.516-66.901c39.367-39.049 91.841-60.53 147.661-60.53 54.955 0 106.314 20.912 144.634 58.891 65.286 64.671 90.408 140.584 74.661 225.621-2.025 10.968-4.847 21.982-8.124 32.973-0.341 1.092-0.569 2.207-0.933 3.3-3.277 10.513-7.122 21.026-11.446 31.516-0.614 1.479-1.183 2.958-1.82 4.437-4.369 10.377-9.284 20.73-14.586 31.039-0.728 1.434-1.479 2.867-2.276 4.301-5.507 10.468-11.446 20.89-17.795 31.243-0.614 1.001-1.274 2.002-1.866 3.004-6.758 10.854-13.881 21.618-21.436 32.267-0.023 0.046-0.046 0.068-0.091 0.114-23.962 33.769-51.678 66.492-81.442 97.417-31.972 33.246-66.219 64.375-100.716 92.501z",
                    "M867.1 681.415c9.489-10.809 18.682-21.754 27.602-32.927 0.569-0.751 1.183-1.525 1.798-2.276 18.068-22.824 34.748-46.33 49.562-70.383 0.341-0.523 0.705-1.092 1.047-1.616 6.963-11.355 13.403-22.869 19.456-34.452 0.819-1.593 1.661-3.209 2.503-4.824 5.712-11.196 10.923-22.46 15.701-33.815 0.774-1.889 1.502-3.755 2.298-5.643 4.597-11.401 8.784-22.869 12.311-34.384 0.478-1.502 0.842-3.004 1.274-4.506 3.55-12.083 6.667-24.212 8.92-36.386 18.637-100.739-10.741-190.305-87.359-266.263-46.899-46.421-109.659-72.021-176.674-72.021-67.925 0-131.755 26.169-179.701 73.682l-51.496 51.041-51.496-51.041c-47.969-47.514-111.775-73.682-179.723-73.682-67.015 0-129.775 25.6-176.674 72.044-76.641 75.958-106.018 165.524-87.359 266.263 2.253 12.174 5.325 24.303 8.897 36.386 0.432 1.502 0.819 3.004 1.274 4.506 3.527 11.514 7.691 22.983 12.311 34.384 0.751 1.889 1.525 3.755 2.298 5.643 4.756 11.355 9.99 22.619 15.701 33.815 0.819 1.616 1.684 3.231 2.526 4.824 6.053 11.583 12.493 23.097 19.456 34.452 0.341 0.523 0.705 1.092 1.024 1.616 14.814 24.053 31.516 47.559 49.584 70.383 0.614 0.728 1.183 1.502 1.798 2.276 8.897 11.173 18.113 22.141 27.602 32.927 0.614 0.66 1.229 1.388 1.82 2.071 9.739 11.014 19.729 21.823 29.946 32.404l0.023 0.046h0.023c32.176 33.314 66.378 64.353 100.671 92.433v0.023c0.159 0.137 0.319 0.25 0.455 0.364 28.877 23.62 57.776 45.079 85.515 64.011 0.478 0.319 0.956 0.614 1.434 0.956 9.011 6.121 17.886 11.969 26.578 17.545 0.068 0.046 0.114 0.091 0.182 0.114 8.511 5.439 16.862 10.559 25.031 15.451 1.161 0.705 2.321 1.388 3.482 2.094 7.691 4.506 15.223 8.875 22.528 12.857 0.273 0.137 0.569 0.341 0.842 0.478 7.305 4.005 14.336 7.646 21.163 11.082 1.547 0.774 3.026 1.502 4.551 2.276 6.667 3.277 13.198 6.394 19.342 9.079 2.935 1.32 6.053 1.934 9.17 1.934s6.235-0.614 9.17-1.934c6.167-2.685 12.675-5.825 19.365-9.079 1.502-0.751 3.004-1.479 4.528-2.276 6.849-3.436 13.858-7.1 21.185-11.082 0.273-0.159 0.546-0.364 0.842-0.478 7.282-4.005 14.814-8.351 22.505-12.857 1.183-0.705 2.344-1.388 3.482-2.094 8.169-4.87 16.498-9.967 25.008-15.428 0.114-0.068 0.205-0.114 0.296-0.182 8.67-5.53 17.522-11.401 26.51-17.476 0.478-0.364 0.933-0.66 1.411-0.978 27.762-18.933 56.639-40.391 85.515-64.011 0.182-0.114 0.341-0.228 0.478-0.364v-0.023c34.293-28.058 68.494-59.119 100.671-92.433l0.046-0.046c10.217-10.581 20.207-21.367 29.924-32.404 0.614-0.705 1.229-1.411 1.843-2.094zM702.305 776.055c-16.839 13.722-33.724 26.738-50.381 38.912h-0.023c-16.566 12.060-32.905 23.324-48.811 33.655-0.364 0.228-0.705 0.455-1.047 0.66-7.145 4.665-14.245 9.057-21.208 13.335-0.91 0.546-1.82 1.138-2.731 1.684-7.236 4.369-14.336 8.579-21.299 12.493-0.592 0.341-1.206 0.66-1.775 1.001-6.076 3.391-11.969 6.599-17.749 9.626-1.57 0.819-3.118 1.638-4.665 2.435-6.258 3.209-12.425 6.258-18.318 9.011-5.916-2.753-12.038-5.825-18.295-9.011-1.547-0.796-3.095-1.616-4.665-2.435-5.803-3.026-11.696-6.212-17.749-9.626-0.592-0.341-1.183-0.66-1.798-1.001-6.94-3.914-14.040-8.101-21.276-12.493-0.91-0.546-1.82-1.138-2.731-1.684-6.986-4.278-14.063-8.715-21.276-13.38-0.319-0.205-0.637-0.41-0.956-0.592-15.906-10.354-32.245-21.595-48.811-33.678h-0.023c-16.68-12.174-33.542-25.19-50.381-38.912-34.497-28.103-68.745-59.255-100.716-92.479-29.764-30.925-57.481-63.647-81.465-97.417-0.023-0.046-0.046-0.068-0.068-0.114-7.555-10.695-14.677-21.458-21.436-32.313-0.614-1.001-1.229-1.957-1.843-2.958-6.372-10.354-12.288-20.799-17.818-31.266-0.774-1.434-1.525-2.867-2.253-4.301-5.325-10.308-10.194-20.662-14.586-31.039-0.637-1.479-1.206-2.958-1.82-4.437-4.301-10.49-8.169-21.003-11.446-31.516-0.341-1.092-0.614-2.207-0.933-3.3-3.3-10.991-6.098-22.005-8.124-32.973-15.747-85.038 9.375-160.95 74.661-225.621 38.32-37.979 89.68-58.891 144.634-58.891 55.842 0 108.294 21.481 147.684 60.53l67.493 66.901c8.897 8.738 23.165 8.738 32.063 0l67.516-66.901c39.367-39.049 91.841-60.53 147.661-60.53 54.955 0 106.314 20.912 144.634 58.891 65.286 64.671 90.408 140.584 74.661 225.621-2.025 10.968-4.847 21.982-8.124 32.973-0.341 1.092-0.569 2.207-0.933 3.3-3.277 10.513-7.122 21.026-11.446 31.516-0.614 1.479-1.183 2.958-1.82 4.437-4.369 10.377-9.284 20.73-14.586 31.039-0.728 1.434-1.479 2.867-2.276 4.301-5.507 10.468-11.446 20.89-17.795 31.243-0.614 1.001-1.274 2.002-1.866 3.004-6.758 10.854-13.881 21.618-21.436 32.267-0.023 0.046-0.046 0.068-0.091 0.114-23.962 33.769-51.678 66.492-81.442 97.417-31.972 33.246-66.219 64.375-100.716 92.501z"
                ],
                "attrs": [
                    {},
                    {
                        "fill": "none",
                        "strokeLinejoin": "miter",
                        "strokeLinecap": "butt",
                        "strokeMiterlimit": "10",
                        "strokeWidth": 27.30666666666667
                    }
                ],
                "isMulticolor": false,
                "isMulticolor2": false,
                "grid": 0,
                "tags": [
                    "icon3"
                ]
            },
            "attrs": [
                {},
                {
                    "fill": "none",
                    "strokeLinejoin": "miter",
                    "strokeLinecap": "butt",
                    "strokeMiterlimit": "10",
                    "strokeWidth": 27.30666666666667
                }
            ],
            "properties": {
                "order": 12,
                "id": 1,
                "name": "icon3",
                "prevSize": 32,
                "code": 59655
            },
            "setIdx": 0,
            "setId": 1,
            "iconIdx": 7
        },
        {
            "icon": {
                "paths": [
                    "M767.908 398.534c0 203.999-165.374 369.373-369.373 369.373s-369.373-165.374-369.373-369.373c0-203.999 165.374-369.373 369.373-369.373s369.373 165.374 369.373 369.373z",
                    "M659.72 659.72l343.673 343.673"
                ],
                "attrs": [
                    {
                        "fill": "none",
                        "strokeLinejoin": "miter",
                        "strokeLinecap": "butt",
                        "strokeMiterlimit": "10",
                        "strokeWidth": 58.322100135205105
                    },
                    {
                        "fill": "none",
                        "strokeLinejoin": "miter",
                        "strokeLinecap": "butt",
                        "strokeMiterlimit": "10",
                        "strokeWidth": 58.322100135205105
                    }
                ],
                "isMulticolor": false,
                "isMulticolor2": false,
                "grid": 0,
                "tags": [
                    "lookup"
                ]
            },
            "attrs": [
                {
                    "fill": "none",
                    "strokeLinejoin": "miter",
                    "strokeLinecap": "butt",
                    "strokeMiterlimit": "10",
                    "strokeWidth": 58.322100135205105
                },
                {
                    "fill": "none",
                    "strokeLinejoin": "miter",
                    "strokeLinecap": "butt",
                    "strokeMiterlimit": "10",
                    "strokeWidth": 58.322100135205105
                }
            ],
            "properties": {
                "order": 13,
                "id": 0,
                "name": "lookup",
                "prevSize": 32,
                "code": 59656
            },
            "setIdx": 0,
            "setId": 1,
            "iconIdx": 8
        }
    ],
    "height": 1024,
    "metadata": {
        "name": "icomoon"
    },
    "preferences": {
        "showGlyphs": true,
        "showQuickUse": true,
        "showQuickUse2": true,
        "showSVGs": true,
        "fontPref": {
            "prefix": "icon-",
            "metadata": {
                "fontFamily": "icomoon"
            },
            "metrics": {
                "emSize": 1024,
                "baseline": 6.25,
                "whitespace": 50
            },
            "embed": false,
            "autoHost": true
        },
        "imagePref": {
            "prefix": "icon-",
            "png": true,
            "useClassSelector": true,
            "color": 4473924,
            "bgColor": 16777215,
            "classSelector": ".icon"
        },
        "historySize": 100,
        "showCodes": true,
        "gridSize": 16,
        "quickUsageToken": {
            "UntitledProject": "ZmQ3YTI3MWM2YzljN2UyODZjNWUzNjI4NmIyNDY5YzgjMSMxNDY4ODk2NzE5IyMj"
        },
        "showLiga": true
    }
}